as_of,baxis,gosterici,ad,vahid,il,baza,p05,p10,p25,p50,p75,p90,p95,orta,ES10,merkez,musahide_payi,baza_izah,baseline_id,feeds_sha
2026-10-09,baseline,g,Qeyri-neft ÜDM-in real artımı,%,2026,5.312,1.5323,1.93653,2.54511,3.17067,3.78644,4.395,4.83394,3.16621,1.32184,3.17067,0.666667,"rəsmi proqnoz (YTD məlumatından əvvəl) — zolaq il-əvvəlindən faktiki ilə şərtləndirilib, 'baza' zolaqdan kənar ola bilər; mərkəz = 'merkez'",B-0d114498cd,0a60d1e3|5df100d8|14280f00|f5e81721|7cf79d05|9d71a1ad|f8b86934|4e0ccad9|14700b55|9d107b4d|4c801ef4|fa93b919|dd5af362|0cf49fca|27fa04ff|2a23a376|accf1e9a|1e712b11
2026-10-09,baseline,g,Qeyri-neft ÜDM-in real artımı,%,2027,5.43,0.117492,1.39069,3.38185,5.43,7.42867,9.22115,10.3585,5.36661,-0.455676,5.43,,rəsmi proqnoz,B-0d114498cd,0a60d1e3|5df100d8|14280f00|f5e81721|7cf79d05|9d71a1ad|f8b86934|4e0ccad9|14700b55|9d107b4d|4c801ef4|fa93b919|dd5af362|0cf49fca|27fa04ff|2a23a376|accf1e9a|1e712b11
2026-10-09,baseline,g,Qeyri-neft ÜDM-in real artımı,%,2028,5.603,0.322444,1.59738,3.57866,5.603,7.54907,9.1509,10.1871,5.49038,-0.0977176,5.603,,rəsmi proqnoz,B-0d114498cd,0a60d1e3|5df100d8|14280f00|f5e81721|7cf79d05|9d71a1ad|f8b86934|4e0ccad9|14700b55|9d107b4d|4c801ef4|fa93b919|dd5af362|0cf49fca|27fa04ff|2a23a376|accf1e9a|1e712b11
2026-10-09,baseline,g,Qeyri-neft ÜDM-in real artımı,%,2029,5.632,0.815428,1.93065,3.71857,5.632,7.55704,9.22019,10.1991,5.60195,0.355434,5.632,,rəsmi proqnoz,B-0d114498cd,0a60d1e3|5df100d8|14280f00|f5e81721|7cf79d05|9d71a1ad|f8b86934|4e0ccad9|14700b55|9d107b4d|4c801ef4|fa93b919|dd5af362|0cf49fca|27fa04ff|2a23a376|accf1e9a|1e712b11
2026-10-09,baseline,g,Qeyri-neft ÜDM-in real artımı,%,2030,5.727,0.472518,1.70387,3.64731,5.727,7.752,9.63589,10.7298,5.69327,-0.012432,5.727,,rəsmi proqnoz,B-0d114498cd,0a60d1e3|5df100d8|14280f00|f5e81721|7cf79d05|9d71a1ad|f8b86934|4e0ccad9|14700b55|9d107b4d|4c801ef4|fa93b919|dd5af362|0cf49fca|27fa04ff|2a23a376|accf1e9a|1e712b11
2026-10-09,baseline,cpi,İnflyasiya (illik orta),%,2026,5.2991,3.84641,4.1218,4.72156,5.56637,6.57275,7.63046,8.28272,5.74848,8.5159,5.56637,0.666667,"rəsmi proqnoz (YTD məlumatından əvvəl) — zolaq il-əvvəlindən faktiki ilə şərtləndirilib, 'baza' zolaqdan kənar ola bilər; mərkəz = 'merkez'",B-0d114498cd,0a60d1e3|5df100d8|14280f00|f5e81721|7cf79d05|9d71a1ad|f8b86934|4e0ccad9|14700b55|9d107b4d|4c801ef4|fa93b919|dd5af362|0cf49fca|27fa04ff|2a23a376|accf1e9a|1e712b11
2026-10-09,baseline,cpi,İnflyasiya (illik orta),%,2027,5.7416,1.65626,2.18025,3.55433,5.7416,8.62788,11.6374,13.7192,6.47659,14.6917,5.7416,,rəsmi proqnoz,B-0d114498cd,0a60d1e3|5df100d8|14280f00|f5e81721|7cf79d05|9d71a1ad|f8b86934|4e0ccad9|14700b55|9d107b4d|4c801ef4|fa93b919|dd5af362|0cf49fca|27fa04ff|2a23a376|accf1e9a|1e712b11
2026-10-09,baseline,cpi,İnflyasiya (illik orta),%,2028,5.8752,1.68011,2.18543,3.47765,5.8752,8.87113,11.8592,13.8276,6.55534,14.5986,5.8752,,rəsmi proqnoz,B-0d114498cd,0a60d1e3|5df100d8|14280f00|f5e81721|7cf79d05|9d71a1ad|f8b86934|4e0ccad9|14700b55|9d107b4d|4c801ef4|fa93b919|dd5af362|0cf49fca|27fa04ff|2a23a376|accf1e9a|1e712b11
2026-10-09,baseline,cpi,İnflyasiya (illik orta),%,2029,5.9149,1.72721,2.23703,3.49891,5.9149,8.90739,11.9752,13.9365,6.60802,14.7691,5.9149,,rəsmi proqnoz,B-0d114498cd,0a60d1e3|5df100d8|14280f00|f5e81721|7cf79d05|9d71a1ad|f8b86934|4e0ccad9|14700b55|9d107b4d|4c801ef4|fa93b919|dd5af362|0cf49fca|27fa04ff|2a23a376|accf1e9a|1e712b11
2026-10-09,baseline,cpi,İnflyasiya (illik orta),%,2030,5.9278,1.69473,2.23254,3.45736,5.9278,8.96365,11.9447,13.8018,6.59328,14.5556,5.9278,,rəsmi proqnoz,B-0d114498cd,0a60d1e3|5df100d8|14280f00|f5e81721|7cf79d05|9d71a1ad|f8b86934|4e0ccad9|14700b55|9d107b4d|4c801ef4|fa93b919|dd5af362|0cf49fca|27fa04ff|2a23a376|accf1e9a|1e712b11
2026-10-09,baseline,fis,Büdcə balansı / ÜDM,%,2026,0.655466,0.103479,0.242187,0.452878,0.655466,0.862569,1.06818,1.21531,0.656851,0.0226058,0.655466,,rəsmi proqnoz,B-0d114498cd,0a60d1e3|5df100d8|14280f00|f5e81721|7cf79d05|9d71a1ad|f8b86934|4e0ccad9|14700b55|9d107b4d|4c801ef4|fa93b919|dd5af362|0cf49fca|27fa04ff|2a23a376|accf1e9a|1e712b11
2026-10-09,baseline,fis,Büdcə balansı / ÜDM,%,2027,0.261383,-1.37575,-0.964073,-0.350981,0.261383,0.87449,1.48871,1.91101,0.264621,-1.60429,0.261383,,rəsmi proqnoz,B-0d114498cd,0a60d1e3|5df100d8|14280f00|f5e81721|7cf79d05|9d71a1ad|f8b86934|4e0ccad9|14700b55|9d107b4d|4c801ef4|fa93b919|dd5af362|0cf49fca|27fa04ff|2a23a376|accf1e9a|1e712b11
2026-10-09,baseline,fis,Büdcə balansı / ÜDM,%,2028,-0.0615346,-1.65788,-1.23263,-0.646903,-0.0615346,0.541268,1.12741,1.50635,-0.0618517,-1.88644,-0.0615346,,rəsmi proqnoz,B-0d114498cd,0a60d1e3|5df100d8|14280f00|f5e81721|7cf79d05|9d71a1ad|f8b86934|4e0ccad9|14700b55|9d107b4d|4c801ef4|fa93b919|dd5af362|0cf49fca|27fa04ff|2a23a376|accf1e9a|1e712b11
2026-10-09,baseline,fis,Büdcə balansı / ÜDM,%,2029,-0.00587553,-1.42761,-1.05309,-0.541473,-0.00587553,0.554977,1.11448,1.49435,0.00423662,-1.67532,-0.00587553,,rəsmi proqnoz,B-0d114498cd,0a60d1e3|5df100d8|14280f00|f5e81721|7cf79d05|9d71a1ad|f8b86934|4e0ccad9|14700b55|9d107b4d|4c801ef4|fa93b919|dd5af362|0cf49fca|27fa04ff|2a23a376|accf1e9a|1e712b11
2026-10-09,baseline,fis,Büdcə balansı / ÜDM,%,2030,0.0128938,-1.6856,-1.23931,-0.62686,0.0128938,0.656857,1.3196,1.77836,0.0185818,-1.93317,0.0128938,,rəsmi proqnoz,B-0d114498cd,0a60d1e3|5df100d8|14280f00|f5e81721|7cf79d05|9d71a1ad|f8b86934|4e0ccad9|14700b55|9d107b4d|4c801ef4|fa93b919|dd5af362|0cf49fca|27fa04ff|2a23a376|accf1e9a|1e712b11
2026-10-09,baseline,brent,Brent neft qiyməti,USD/barel,2026,68.98,80.4541,80.8361,85.2756,89.6758,92.8104,94.1107,94.1356,88.7368,79.6257,89.6758,0.833333,"rəsmi proqnoz (YTD məlumatından əvvəl) — zolaq il-əvvəlindən faktiki ilə şərtləndirilib, 'baza' zolaqdan kənar ola bilər; mərkəz = 'merkez'",B-0d114498cd,0a60d1e3|5df100d8|14280f00|f5e81721|7cf79d05|9d71a1ad|f8b86934|4e0ccad9|14700b55|9d107b4d|4c801ef4|fa93b919|dd5af362|0cf49fca|27fa04ff|2a23a376|accf1e9a|1e712b11
2026-10-09,baseline,brent,Brent neft qiyməti,USD/barel,2027,68.97,33.0679,37.5832,52.3042,67.9563,85.2497,94.379,99.433,68.2207,32.6201,68.97,,rəsmi proqnoz,B-0d114498cd,0a60d1e3|5df100d8|14280f00|f5e81721|7cf79d05|9d71a1ad|f8b86934|4e0ccad9|14700b55|9d107b4d|4c801ef4|fa93b919|dd5af362|0cf49fca|27fa04ff|2a23a376|accf1e9a|1e712b11
2026-10-09,baseline,brent,Brent neft qiyməti,USD/barel,2028,69.4,27.726,33.6683,46.8777,68.3271,93.2225,118.378,131.664,72.448,26.6592,69.4,,rəsmi proqnoz,B-0d114498cd,0a60d1e3|5df100d8|14280f00|f5e81721|7cf79d05|9d71a1ad|f8b86934|4e0ccad9|14700b55|9d107b4d|4c801ef4|fa93b919|dd5af362|0cf49fca|27fa04ff|2a23a376|accf1e9a|1e712b11
2026-10-09,baseline,brent,Brent neft qiyməti,USD/barel,2029,69.46,23.5469,29.5298,44.2657,67.9983,100.676,137.9,162.791,77.2539,22.5003,69.46,,rəsmi proqnoz,B-0d114498cd,0a60d1e3|5df100d8|14280f00|f5e81721|7cf79d05|9d71a1ad|f8b86934|4e0ccad9|14700b55|9d107b4d|4c801ef4|fa93b919|dd5af362|0cf49fca|27fa04ff|2a23a376|accf1e9a|1e712b11
2026-10-09,baseline,brent,Brent neft qiyməti,USD/barel,2030,69.19,19.7058,26.0215,40.9971,67.1596,104.909,151.599,185.733,80.1511,19.0124,69.19,,rəsmi proqnoz,B-0d114498cd,0a60d1e3|5df100d8|14280f00|f5e81721|7cf79d05|9d71a1ad|f8b86934|4e0ccad9|14700b55|9d107b4d|4c801ef4|fa93b919|dd5af362|0cf49fca|27fa04ff|2a23a376|accf1e9a|1e712b11
2026-10-09,live,g,Qeyri-neft ÜDM-in real artımı,%,2026,5.312,0.463994,0.865387,1.47077,2.1,2.71587,3.3247,3.76073,2.09412,0.249588,2.1,0.666667,"rəsmi proqnoz (YTD məlumatından əvvəl) — zolaq il-əvvəlindən faktiki ilə şərtləndirilib, 'baza' zolaqdan kənar ola bilər; mərkəz = 'merkez'",B-0d114498cd,0a60d1e3|5df100d8|14280f00|f5e81721|7cf79d05|9d71a1ad|f8b86934|4e0ccad9|14700b55|9d107b4d|4c801ef4|fa93b919|dd5af362|0cf49fca|27fa04ff|2a23a376|accf1e9a|1e712b11
2026-10-09,live,g,Qeyri-neft ÜDM-in real artımı,%,2027,5.43,1.10894,2.36067,4.30973,6.36884,8.42955,10.2292,11.4021,6.33777,0.582509,6.36884,,rəsmi proqnoz,B-0d114498cd,0a60d1e3|5df100d8|14280f00|f5e81721|7cf79d05|9d71a1ad|f8b86934|4e0ccad9|14700b55|9d107b4d|4c801ef4|fa93b919|dd5af362|0cf49fca|27fa04ff|2a23a376|accf1e9a|1e712b11
2026-10-09,live,g,Qeyri-neft ÜDM-in real artımı,%,2028,5.603,0.477343,1.7414,3.61882,5.63985,7.59716,9.25993,10.2909,5.56479,0.0579703,5.63985,,rəsmi proqnoz,B-0d114498cd,0a60d1e3|5df100d8|14280f00|f5e81721|7cf79d05|9d71a1ad|f8b86934|4e0ccad9|14700b55|9d107b4d|4c801ef4|fa93b919|dd5af362|0cf49fca|27fa04ff|2a23a376|accf1e9a|1e712b11
2026-10-09,live,g,Qeyri-neft ÜDM-in real artımı,%,2029,5.632,0.902839,1.99718,3.77767,5.71838,7.66791,9.3468,10.3251,5.70067,0.508555,5.71838,,rəsmi proqnoz,B-0d114498cd,0a60d1e3|5df100d8|14280f00|f5e81721|7cf79d05|9d71a1ad|f8b86934|4e0ccad9|14700b55|9d107b4d|4c801ef4|fa93b919|dd5af362|0cf49fca|27fa04ff|2a23a376|accf1e9a|1e712b11
2026-10-09,live,g,Qeyri-neft ÜDM-in real artımı,%,2030,5.727,0.608538,1.79754,3.6866,5.80852,7.86331,9.74018,10.9083,5.77962,0.113549,5.80852,,rəsmi proqnoz,B-0d114498cd,0a60d1e3|5df100d8|14280f00|f5e81721|7cf79d05|9d71a1ad|f8b86934|4e0ccad9|14700b55|9d107b4d|4c801ef4|fa93b919|dd5af362|0cf49fca|27fa04ff|2a23a376|accf1e9a|1e712b11
2026-10-09,live,cpi,İnflyasiya (illik orta),%,2026,5.2991,3.95286,4.23938,4.85413,5.7,6.71051,7.75482,8.3941,5.87516,8.62638,5.7,0.666667,"rəsmi proqnoz (YTD məlumatından əvvəl) — zolaq il-əvvəlindən faktiki ilə şərtləndirilib, 'baza' zolaqdan kənar ola bilər; mərkəz = 'merkez'",B-0d114498cd,0a60d1e3|5df100d8|14280f00|f5e81721|7cf79d05|9d71a1ad|f8b86934|4e0ccad9|14700b55|9d107b4d|4c801ef4|fa93b919|dd5af362|0cf49fca|27fa04ff|2a23a376|accf1e9a|1e712b11
2026-10-09,live,cpi,İnflyasiya (illik orta),%,2027,5.7416,2.31674,2.89573,4.3109,6.6459,9.62156,12.6247,14.7262,7.34098,15.6174,6.6459,,rəsmi proqnoz,B-0d114498cd,0a60d1e3|5df100d8|14280f00|f5e81721|7cf79d05|9d71a1ad|f8b86934|4e0ccad9|14700b55|9d107b4d|4c801ef4|fa93b919|dd5af362|0cf49fca|27fa04ff|2a23a376|accf1e9a|1e712b11
2026-10-09,live,cpi,İnflyasiya (illik orta),%,2028,5.8752,1.54013,2.02148,3.25192,5.61287,8.62843,11.6609,13.6861,6.3468,14.4699,5.61287,,rəsmi proqnoz,B-0d114498cd,0a60d1e3|5df100d8|14280f00|f5e81721|7cf79d05|9d71a1ad|f8b86934|4e0ccad9|14700b55|9d107b4d|4c801ef4|fa93b919|dd5af362|0cf49fca|27fa04ff|2a23a376|accf1e9a|1e712b11
2026-10-09,live,cpi,İnflyasiya (illik orta),%,2029,5.9149,1.74096,2.24987,3.50804,5.93196,8.9069,11.9883,13.9442,6.61795,14.7845,5.93196,,rəsmi proqnoz,B-0d114498cd,0a60d1e3|5df100d8|14280f00|f5e81721|7cf79d05|9d71a1ad|f8b86934|4e0ccad9|14700b55|9d107b4d|4c801ef4|fa93b919|dd5af362|0cf49fca|27fa04ff|2a23a376|accf1e9a|1e712b11
2026-10-09,live,cpi,İnflyasiya (illik orta),%,2030,5.9278,1.72177,2.26329,3.49901,5.96565,8.99849,11.9838,13.8336,6.62462,14.5743,5.96565,,rəsmi proqnoz,B-0d114498cd,0a60d1e3|5df100d8|14280f00|f5e81721|7cf79d05|9d71a1ad|f8b86934|4e0ccad9|14700b55|9d107b4d|4c801ef4|fa93b919|dd5af362|0cf49fca|27fa04ff|2a23a376|accf1e9a|1e712b11
2026-10-09,live,fis,Büdcə balansı / ÜDM,%,2026,0.655466,0.423931,0.562277,0.77381,0.976043,1.18345,1.38926,1.53548,0.977677,0.34345,0.976043,,rəsmi proqnoz,B-0d114498cd,0a60d1e3|5df100d8|14280f00|f5e81721|7cf79d05|9d71a1ad|f8b86934|4e0ccad9|14700b55|9d107b4d|4c801ef4|fa93b919|dd5af362|0cf49fca|27fa04ff|2a23a376|accf1e9a|1e712b11
2026-10-09,live,fis,Büdcə balansı / ÜDM,%,2027,0.261383,-1.25641,-0.842637,-0.232007,0.386533,1.00895,1.63237,2.03875,0.391493,-1.47408,0.386533,,rəsmi proqnoz,B-0d114498cd,0a60d1e3|5df100d8|14280f00|f5e81721|7cf79d05|9d71a1ad|f8b86934|4e0ccad9|14700b55|9d107b4d|4c801ef4|fa93b919|dd5af362|0cf49fca|27fa04ff|2a23a376|accf1e9a|1e712b11
2026-10-09,live,fis,Büdcə balansı / ÜDM,%,2028,-0.0615346,-1.5934,-1.18602,-0.605993,-0.0162289,0.601936,1.19517,1.59236,-0.0114006,-1.82095,-0.0162289,,rəsmi proqnoz,B-0d114498cd,0a60d1e3|5df100d8|14280f00|f5e81721|7cf79d05|9d71a1ad|f8b86934|4e0ccad9|14700b55|9d107b4d|4c801ef4|fa93b919|dd5af362|0cf49fca|27fa04ff|2a23a376|accf1e9a|1e712b11
2026-10-09,live,fis,Büdcə balansı / ÜDM,%,2029,-0.00587553,-1.37288,-1.02534,-0.515952,0.0274534,0.59478,1.17547,1.56211,0.0410611,-1.61458,0.0274534,,rəsmi proqnoz,B-0d114498cd,0a60d1e3|5df100d8|14280f00|f5e81721|7cf79d05|9d71a1ad|f8b86934|4e0ccad9|14700b55|9d107b4d|4c801ef4|fa93b919|dd5af362|0cf49fca|27fa04ff|2a23a376|accf1e9a|1e712b11
2026-10-09,live,fis,Büdcə balansı / ÜDM,%,2030,0.0128938,-1.64455,-1.21981,-0.617302,0.0177264,0.681696,1.36065,1.82159,0.0402133,-1.88549,0.0177264,,rəsmi proqnoz,B-0d114498cd,0a60d1e3|5df100d8|14280f00|f5e81721|7cf79d05|9d71a1ad|f8b86934|4e0ccad9|14700b55|9d107b4d|4c801ef4|fa93b919|dd5af362|0cf49fca|27fa04ff|2a23a376|accf1e9a|1e712b11
2026-10-09,live,brent,Brent neft qiyməti,USD/barel,2026,68.98,83.0929,83.4875,88.0726,92.617,95.8544,97.1974,97.2231,91.6473,82.2373,92.617,0.833333,"rəsmi proqnoz (YTD məlumatından əvvəl) — zolaq il-əvvəlindən faktiki ilə şərtləndirilib, 'baza' zolaqdan kənar ola bilər; mərkəz = 'merkez'",B-0d114498cd,0a60d1e3|5df100d8|14280f00|f5e81721|7cf79d05|9d71a1ad|f8b86934|4e0ccad9|14700b55|9d107b4d|4c801ef4|fa93b919|dd5af362|0cf49fca|27fa04ff|2a23a376|accf1e9a|1e712b11
2026-10-09,live,brent,Brent neft qiyməti,USD/barel,2027,68.97,41.5301,47.2009,65.6891,85.3467,107.065,118.531,124.878,85.6786,40.9677,86.6197,,rəsmi proqnoz,B-0d114498cd,0a60d1e3|5df100d8|14280f00|f5e81721|7cf79d05|9d71a1ad|f8b86934|4e0ccad9|14700b55|9d107b4d|4c801ef4|fa93b919|dd5af362|0cf49fca|27fa04ff|2a23a376|accf1e9a|1e712b11
2026-10-09,live,brent,Brent neft qiyməti,USD/barel,2028,69.4,34.7387,42.184,58.7345,85.6091,116.801,148.32,164.966,90.7722,33.402,86.9533,,rəsmi proqnoz,B-0d114498cd,0a60d1e3|5df100d8|14280f00|f5e81721|7cf79d05|9d71a1ad|f8b86934|4e0ccad9|14700b55|9d107b4d|4c801ef4|fa93b919|dd5af362|0cf49fca|27fa04ff|2a23a376|accf1e9a|1e712b11
2026-10-09,live,brent,Brent neft qiyməti,USD/barel,2029,69.46,29.4929,36.9866,55.4436,85.169,126.098,172.722,203.898,96.7618,28.182,86.9998,,rəsmi proqnoz,B-0d114498cd,0a60d1e3|5df100d8|14280f00|f5e81721|7cf79d05|9d71a1ad|f8b86934|4e0ccad9|14700b55|9d107b4d|4c801ef4|fa93b919|dd5af362|0cf49fca|27fa04ff|2a23a376|accf1e9a|1e712b11
2026-10-09,live,brent,Brent neft qiyməti,USD/barel,2030,69.19,24.7186,32.6408,51.4259,84.2436,131.596,190.163,232.979,100.54,23.8487,86.7905,,rəsmi proqnoz,B-0d114498cd,0a60d1e3|5df100d8|14280f00|f5e81721|7cf79d05|9d71a1ad|f8b86934|4e0ccad9|14700b55|9d107b4d|4c801ef4|fa93b919|dd5af362|0cf49fca|27fa04ff|2a23a376|accf1e9a|1e712b11
